date,beds,icu,oxygen,temp,humidity,staff_available,er_visits,occupancy_rate,holiday
2023-01-01,420,78,445,12,72,118,184,0.92,0
2023-01-02,435,82,460,11,75,120,191,0.95,0
2023-01-03,428,80,452,10,74,121,189,0.94,0
2023-01-04,440,85,470,9,76,119,198,0.96,0
2023-01-05,445,87,472,8,77,117,202,0.97,0
2023-01-06,430,83,455,10,73,115,175,0.90,0
2023-01-07,405,70,420,11,70,110,149,0.84,0
2023-01-08,398,68,415,12,68,108,145,0.83,0
2023-01-09,432,82,460,11,72,118,188,0.93,0
2023-01-10,438,84,468,10,73,116,190,0.94,0
2023-01-11,442,86,470,9,76,120,196,0.95,0
2023-01-12,450,90,480,8,78,119,205,0.97,0
2023-01-13,430,82,455,10,74,117,180,0.89,0
2023-01-14,400,70,420,12,69,111,152,0.85,0
2023-01-15,395,68,410,13,66,109,147,0.84,0
2023-01-16,428,79,448,12,72,118,187,0.93,0
2023-01-17,436,82,462,11,74,122,192,0.94,0
2023-01-18,445,88,475,10,75,120,198,0.96,0
2023-01-19,452,90,480,8,77,118,203,0.97,0
2023-01-20,433,83,455,10,72,115,178,0.88,0
2023-01-21,405,69,418,13,67,112,148,0.84,0
2023-01-22,398,67,412,14,66,110,142,0.82,0
2023-01-23,430,80,450,13,71,118,183,0.92,0
2023-01-24,438,84,468,12,73,119,191,0.94,0
2023-01-25,446,86,472,11,75,121,197,0.95,0
2023-01-26,455,91,485,9,78,118,204,0.97,0
2023-01-27,432,83,460,11,73,116,176,0.88,0
2023-01-28,403,70,420,14,69,111,151,0.85,0
2023-01-29,398,69,413,15,65,108,146,0.83,0
2023-01-30,426,81,448,13,72,118,189,0.92,0
2023-01-31,435,85,462,12,74,120,193,0.94,0
2023-02-01,430,83,455,14,70,119,181,0.91,0
2023-02-02,438,86,468,13,71,118,187,0.92,0
2023-02-03,444,88,470,12,73,122,194,0.94,0
2023-02-04,450,90,480,11,74,118,199,0.95,0
2023-02-05,425,79,440,15,69,116,165,0.86,0
2023-02-06,420,77,435,16,67,115,160,0.85,0
2023-02-07,438,84,465,14,70,121,189,0.92,0
2023-02-08,446,87,472,13,73,120,194,0.94,0
2023-02-09,452,89,480,12,74,118,198,0.95,0
2023-02-10,458,93,490,11,77,117,203,0.97,0
2023-02-11,430,81,450,15,69,114,168,0.87,0
2023-02-12,412,72,420,17,65,110,152,0.84,0
2023-02-13,432,84,455,14,70,119,188,0.92,0
2023-02-14,440,86,468,13,73,118,193,0.94,0
2023-02-15,448,88,472,12,74,122,196,0.95,0
2023-02-16,455,92,482,11,76,119,202,0.97,0
2023-02-17,435,83,455,14,71,116,174,0.88,0
2023-02-18,410,73,425,17,66,113,150,0.85,0
2023-02-19,405,72,420,18,64,111,145,0.83,0
2023-02-20,432,85,460,15,69,118,186,0.91,0
2023-02-21,440,87,470,14,70,120,190,0.93,0
2023-02-22,447,89,475,13,72,122,196,0.95,0
2023-02-23,455,92,482,12,74,119,201,0.96,0
2023-02-24,433,83,455,15,70,117,176,0.87,0
2023-02-25,410,74,430,18,65,112,153,0.84,0
2023-02-26,402,72,425,18,63,110,148,0.82,0
2023-02-27,430,84,455,16,68,118,185,0.91,0
2023-02-28,438,86,468,15,69,121,190,0.93,0
2023-03-01,420,78,440,18,65,120,170,0.88,0
2023-03-02,428,80,450,19,64,119,176,0.89,0
2023-03-03,436,82,460,18,66,121,183,0.91,0
2023-03-04,445,88,470,17,68,118,192,0.94,0
2023-03-05,415,72,430,20,62,115,148,0.82,0
2023-03-06,410,70,425,21,60,113,144,0.81,0
2023-03-07,430,82,455,19,64,120,180,0.90,0
2023-03-08,440,85,465,18,66,121,188,0.92,0
2023-03-09,447,87,470,17,68,119,191,0.93,0
2023-03-10,455,90,480,16,70,118,198,0.95,0
2023-03-11,430,80,450,20,63,114,160,0.84,0
2023-03-12,410,72,430,22,60,112,150,0.82,0
2023-03-13,432,83,458,19,64,120,182,0.91,0
2023-03-14,440,85,465,18,67,121,186,0.92,0
2023-03-15,448,88,470,17,68,119,190,0.93,0
2023-03-16,455,90,478,16,70,118,197,0.95,0
2023-03-17,432,82,452,19,63,115,173,0.87,0
2023-03-18,412,74,435,22,60,113,151,0.83,0
2023-03-19,408,73,430,23,58,112,148,0.82,0
2023-03-20,430,82,455,20,63,119,181,0.90,0
2023-03-21,440,85,468,19,65,120,187,0.92,0
2023-03-22,447,87,472,18,66,121,190,0.93,0
2023-03-23,455,89,480,17,68,118,195,0.94,0
2023-03-24,432,80,452,20,62,117,170,0.86,0
2023-03-25,412,72,430,23,59,113,152,0.83,0
2023-03-26,405,70,425,24,57,110,147,0.82,0
2023-03-27,430,82,455,21,62,119,180,0.90,0
2023-03-28,440,84,468,20,64,121,186,0.92,0
2023-03-29,448,87,472,19,66,119,190,0.93,0
2023-03-30,455,89,478,17,69,118,197,0.95,0
2023-03-31,430,79,450,22,61,116,172,0.86,0
2023-04-01,420,78,445,23,60,118,168,0.88,0
2023-04-02,415,76,438,24,59,116,162,0.86,0
2023-04-03,430,82,455,22,62,120,178,0.89,0
2023-04-04,438,84,465,21,63,121,184,0.91,0
2023-04-05,446,87,472,20,65,119,189,0.92,0
2023-04-06,452,89,480,19,66,118,194,0.94,0
2023-04-07,428,79,450,23,60,115,166,0.85,0
2023-04-08,412,73,432,25,58,113,154,0.83,0
2023-04-09,405,71,428,26,57,111,148,0.82,0
2023-04-10,430,82,455,23,61,118,176,0.88,0
2023-04-11,438,85,468,22,63,119,183,0.90,0
2023-04-12,448,88,474,21,64,121,188,0.92,0
2023-04-13,455,90,482,20,66,118,193,0.94,0
2023-04-14,430,80,450,24,59,116,170,0.86,0
2023-04-15,410,72,432,26,57,113,154,0.83,0
2023-04-16,405,70,428,27,55,112,149,0.82,0
2023-04-17,432,81,455,24,60,118,181,0.89,0
2023-04-18,440,84,468,23,62,120,185,0.90,0
2023-04-19,447,87,474,22,63,119,188,0.92,0
2023-04-20,455,89,480,21,65,118,192,0.93,0
2023-04-21,430,79,450,25,58,116,168,0.85,0
2023-04-22,412,71,430,27,56,113,152,0.83,0
2023-04-23,405,70,425,28,54,110,147,0.81,0
2023-04-24,432,82,455,25,59,118,178,0.88,0
2023-04-25,438,84,468,24,61,121,183,0.90,0
2023-04-26,448,87,472,22,63,120,187,0.92,0
2023-04-27,455,90,480,21,65,118,194,0.94,0
2023-04-28,432,80,453,26,57,116,169,0.85,0
2023-04-29,412,72,430,28,55,113,152,0.83,0
2023-04-30,405,70,425,29,54,112,147,0.82,0
2023-05-01,420,78,442,28,55,118,166,0.84,0
2023-05-02,425,79,446,29,54,119,169,0.85,0
2023-05-03,432,82,455,28,56,121,175,0.87,0
2023-05-04,438,85,462,27,57,118,181,0.88,0
2023-05-05,446,87,468,26,59,120,186,0.90,0
2023-05-06,452,89,475,25,60,117,189,0.91,0
2023-05-07,430,80,448,29,54,115,163,0.84,0
2023-05-08,412,73,430,31,53,112,150,0.82,0
2023-05-09,408,72,425,32,52,110,147,0.81,0
2023-05-10,432,82,455,29,55,118,174,0.87,0
2023-05-11,440,85,468,28,57,120,180,0.89,0
2023-05-12,447,87,472,27,58,121,185,0.90,0
2023-05-13,455,89,480,26,60,118,189,0.91,0
2023-05-14,432,81,450,30,54,116,164,0.84,0
2023-05-15,410,72,430,32,53,113,152,0.82,0
2023-05-16,405,71,428,33,51,111,148,0.81,0
2023-05-17,432,82,455,30,54,118,176,0.86,0
2023-05-18,440,84,468,29,56,119,182,0.88,0
2023-05-19,447,87,474,28,57,121,185,0.89,0
2023-05-20,455,89,482,26,59,118,190,0.91,0
2023-05-21,430,80,448,31,53,116,165,0.84,0
2023-05-22,412,72,428,33,52,113,150,0.82,0
2023-05-23,405,70,425,34,50,110,146,0.81,0
2023-05-24,430,81,453,31,53,118,174,0.87,0
2023-05-25,438,84,468,30,55,120,180,0.88,0
2023-05-26,446,86,472,28,57,121,184,0.89,0
2023-05-27,452,88,478,27,59,119,189,0.91,0
2023-05-28,430,79,448,32,52,116,164,0.84,0
2023-05-29,410,72,430,34,51,112,150,0.82,0
2023-05-30,405,70,425,35,49,110,147,0.81,0
2023-05-31,428,80,452,33,52,118,173,0.86,0
2023-06-01,420,78,442,34,50,120,168,0.85,0
2023-06-02,426,81,455,33,51,119,174,0.87,0
2023-06-03,435,84,460,32,52,118,179,0.88,0
2023-06-04,442,86,470,30,54,121,185,0.90,0
2023-06-05,450,89,475,29,55,119,189,0.91,0
2023-06-06,455,90,480,28,57,117,194,0.93,0
2023-06-07,432,80,450,34,50,116,165,0.84,0
2023-06-08,412,73,432,35,49,113,151,0.82,0
2023-06-09,408,72,428,36,48,112,148,0.81,0
2023-06-10,432,82,455,34,50,119,174,0.87,0
2023-06-11,440,84,468,33,51,121,179,0.88,0
2023-06-12,447,86,470,31,53,120,183,0.89,0
2023-06-13,455,88,478,30,54,118,188,0.91,0
2023-06-14,430,78,448,35,48,116,164,0.84,0
2023-06-15,410,72,430,36,47,113,151,0.82,0
2023-06-16,405,70,425,37,46,110,147,0.81,0
2023-06-17,432,81,452,35,48,118,172,0.86,0
2023-06-18,440,84,468,34,49,119,178,0.87,0
2023-06-19,446,86,470,32,51,121,183,0.89,0
2023-06-20,452,88,478,31,53,118,187,0.90,0
2023-06-21,430,78,450,36,47,116,166,0.84,0
2023-06-22,412,72,430,38,45,113,150,0.82,0
2023-06-23,405,70,425,38,44,111,147,0.82,0
2023-06-24,430,81,452,36,46,118,171,0.86,0
2023-06-25,438,83,465,35,47,120,177,0.87,0
2023-06-26,446,86,470,33,49,121,183,0.89,0
2023-06-27,452,88,478,32,50,119,187,0.90,0
2023-06-28,432,79,448,37,45,116,165,0.84,0
2023-06-29,412,72,430,38,44,113,150,0.82,0
2023-06-30,408,70,425,39,43,111,148,0.82,0
2023-07-01,420,78,442,38,44,118,168,0.85,0
2023-07-02,415,76,438,39,43,117,162,0.83,0
2023-07-03,430,82,455,37,45,121,175,0.88,0
2023-07-04,438,84,468,36,46,120,183,0.89,0
2023-07-05,446,87,474,34,48,119,188,0.90,0
2023-07-06,452,89,478,33,49,118,192,0.92,0
2023-07-07,428,80,450,39,43,116,166,0.84,0
2023-07-08,410,72,430,40,42,113,150,0.82,0
2023-07-09,405,70,425,41,41,112,147,0.81,0
2023-07-10,432,82,452,38,43,119,174,0.87,0
2023-07-11,440,84,465,37,45,120,181,0.88,0
2023-07-12,447,86,470,36,46,118,185,0.89,0
2023-07-13,455,88,478,34,47,121,189,0.91,0
2023-07-14,430,78,450,40,41,116,165,0.84,0
2023-07-15,412,72,430,42,40,113,150,0.82,0
2023-07-16,405,70,425,43,39,112,147,0.81,0
2023-07-17,430,81,452,40,41,118,173,0.86,0
2023-07-18,438,83,468,38,43,120,178,0.87,0
2023-07-19,446,86,470,37,44,121,183,0.89,0
2023-07-20,452,88,478,35,46,119,187,0.90,0
2023-07-21,430,78,450,41,40,117,166,0.84,0
2023-07-22,412,72,432,42,39,114,151,0.82,0
2023-07-23,405,70,428,44,38,113,147,0.81,0
2023-07-24,432,82,455,41,40,119,175,0.87,0
2023-07-25,440,84,468,39,42,121,182,0.88,0
2023-07-26,447,86,474,38,43,118,187,0.89,0
2023-07-27,455,89,480,36,45,120,192,0.91,0
2023-07-28,430,80,448,42,39,116,165,0.84,0
2023-07-29,412,72,430,43,38,113,150,0.82,0
2023-07-30,408,70,425,44,37,111,148,0.81,0
2023-07-31,428,80,450,42,39,118,172,0.85,0
2023-08-01,420,78,440,41,41,120,168,0.84,0
2023-08-02,426,81,455,40,40,119,175,0.86,0
2023-08-03,435,84,460,39,41,118,180,0.88,0
2023-08-04,442,86,470,37,43,121,185,0.90,0
2023-08-05,450,89,475,36,44,119,188,0.91,0
2023-08-06,455,90,480,35,45,118,194,0.92,0
2023-08-07,432,80,450,42,39,116,165,0.84,0
2023-08-08,412,73,432,43,38,113,151,0.82,0
2023-08-09,408,72,428,44,37,112,148,0.81,0
2023-08-10,432,82,455,42,39,119,174,0.87,0
2023-08-11,440,84,468,41,40,121,180,0.88,0
2023-08-12,447,87,474,39,42,120,186,0.89,0
2023-08-13,455,89,480,38,43,118,192,0.91,0
2023-08-14,430,80,450,43,38,117,166,0.84,0
2023-08-15,412,72,430,44,37,114,151,0.82,0
2023-08-16,405,70,425,45,36,112,148,0.81,0
2023-08-17,430,81,452,43,38,118,173,0.86,0
2023-08-18,438,83,468,41,40,120,180,0.88,0
2023-08-19,446,86,470,40,41,121,184,0.89,0
2023-08-20,452,88,478,38,43,118,188,0.90,0
2023-08-21,430,79,448,44,36,117,165,0.84,0
2023-08-22,412,72,430,45,35,113,150,0.82,0
2023-08-23,405,70,425,46,34,112,147,0.81,0
2023-08-24,432,82,453,44,36,119,176,0.87,0
2023-08-25,438,84,468,43,37,121,182,0.88,0
2023-08-26,446,87,472,41,39,118,187,0.89,0
2023-08-27,452,88,478,40,40,120,191,0.90,0
2023-08-28,430,78,450,45,34,116,165,0.84,0
2023-08-29,412,72,432,46,33,114,151,0.82,0
2023-08-30,408,70,428,47,32,112,148,0.81,0
2023-08-31,428,80,450,45,34,118,171,0.85,0
2023-09-01,420,78,442,44,35,120,169,0.84,0
2023-09-02,426,82,455,43,36,119,175,0.86,0
2023-09-03,435,84,460,42,37,118,180,0.88,0
2023-09-04,442,86,470,40,38,121,185,0.89,0
2023-09-05,450,88,475,39,39,119,189,0.91,0
2023-09-06,455,90,480,38,40,118,193,0.92,0
2023-09-07,432,80,448,44,35,116,166,0.84,0
2023-09-08,412,72,430,45,34,113,152,0.82,0
2023-09-09,405,70,425,46,33,111,147,0.81,0
2023-09-10,432,82,455,43,35,118,175,0.87,0
2023-09-11,440,84,468,42,36,121,181,0.88,0
2023-09-12,447,87,474,40,37,120,186,0.90,0
2023-09-13,455,89,482,39,38,118,192,0.91,0
2023-09-14,432,80,450,45,34,117,166,0.84,0
2023-09-15,410,72,432,46,33,114,151,0.82,0
2023-09-16,405,70,428,47,32,112,148,0.81,0
2023-09-17,430,81,452,45,34,118,174,0.86,0
2023-09-18,438,83,468,43,36,120,181,0.88,0
2023-09-19,446,86,472,42,37,121,185,0.89,0
2023-09-20,452,88,478,41,38,119,189,0.90,0
2023-09-21,430,78,450,46,33,117,166,0.84,0
2023-09-22,412,72,430,47,32,114,151,0.82,0
2023-09-23,408,70,425,48,31,111,148,0.81,0
2023-09-24,430,82,452,46,33,118,173,0.86,0
2023-09-25,438,84,468,44,34,120,181,0.88,0
2023-09-26,447,87,474,43,35,121,186,0.90,0
2023-09-27,455,89,482,42,36,119,190,0.91,0
2023-09-28,432,80,450,47,31,117,165,0.84,0
2023-09-29,412,72,430,48,30,114,151,0.82,0
2023-09-30,408,70,425,49,29,112,148,0.81,0
2023-10-01,450,88,475,40,38,118,175,0.89,0
2023-10-02,458,91,485,39,39,120,182,0.90,0
2023-10-03,465,93,490,38,40,121,188,0.91,0
2023-10-04,472,95,495,37,41,119,192,0.92,0
2023-10-05,480,97,500,36,42,118,198,0.94,0
2023-10-06,455,87,470,41,37,116,170,0.86,0
2023-10-07,430,78,450,42,36,113,155,0.84,0
2023-10-08,425,75,445,44,35,112,150,0.83,0
2023-10-09,452,86,470,41,37,119,178,0.88,0
2023-10-10,460,89,480,40,38,121,183,0.89,0
2023-10-11,468,92,490,39,39,120,188,0.90,0
2023-10-12,475,94,495,38,40,118,192,0.92,0
2023-10-13,450,85,465,43,35,116,168,0.85,0
2023-10-14,430,78,450,45,34,113,153,0.83,0
2023-10-15,425,76,445,46,33,112,149,0.82,0
2023-10-16,455,87,472,43,35,118,176,0.87,0
2023-10-17,463,90,485,42,36,120,182,0.89,0
2023-10-18,470,92,490,41,37,121,187,0.90,0
2023-10-19,478,95,498,40,38,119,192,0.92,0
2023-10-20,455,84,465,44,34,116,168,0.85,0
2023-10-21,430,78,450,46,33,113,153,0.83,0
2023-10-22,425,75,445,47,32,112,149,0.82,0
2023-10-23,455,87,472,44,34,119,176,0.87,0
2023-10-24,462,89,485,43,35,120,182,0.88,0
2023-10-25,470,92,490,42,36,121,187,0.90,0
2023-10-26,478,94,498,41,37,119,191,0.92,0
2023-10-27,455,85,465,46,33,117,167,0.85,0
2023-10-28,430,78,450,47,32,113,153,0.83,0
2023-10-29,425,75,445,48,31,112,149,0.82,0
2023-10-30,452,86,470,45,33,119,175,0.87,0
2023-10-31,460,89,482,44,34,121,181,0.88,0
2023-11-01,470,92,490,43,35,120,188,0.90,0
2023-11-02,480,95,498,42,36,118,193,0.92,0
2023-11-03,455,85,470,47,31,116,167,0.85,0
2023-11-04,430,78,450,48,30,114,153,0.83,0
2023-11-05,425,74,445,49,29,113,149,0.82,0
2023-11-06,460,90,485,46,31,119,178,0.88,0
2023-11-07,468,92,490,45,32,121,185,0.89,0
2023-11-08,475,94,495,44,33,120,189,0.90,0
2023-11-09,482,96,498,43,34,119,194,0.92,0
2023-11-10,455,85,470,48,29,117,168,0.85,0
2023-11-11,430,76,450,50,28,114,154,0.83,0
2023-11-12,425,74,445,51,27,113,149,0.82,0
2023-11-13,460,89,482,48,29,119,178,0.88,0
2023-11-14,470,92,490,47,30,121,183,0.89,0
2023-11-15,478,94,498,46,31,118,188,0.90,0
2023-11-16,485,97,500,45,32,120,193,0.92,0
2023-11-17,458,84,468,50,27,117,165,0.84,0
2023-11-18,432,76,450,51,26,114,152,0.82,0
2023-11-19,425,74,445,52,25,112,148,0.81,0
2023-11-20,462,88,480,49,27,119,178,0.87,0
2023-11-21,470,92,490,48,28,121,184,0.88,0
2023-11-22,478,94,498,47,29,120,189,0.89,0
2023-11-23,485,96,500,46,30,118,193,0.91,0
2023-11-24,458,85,470,51,26,117,167,0.84,0
2023-11-25,432,76,450,52,25,113,152,0.82,0
2023-11-26,425,74,445,53,24,112,148,0.81,0
2023-11-27,462,88,480,50,26,119,177,0.87,0
2023-11-28,470,92,490,49,27,121,184,0.88,0
2023-11-29,478,94,498,48,28,120,189,0.90,0
2023-11-30,485,96,500,47,29,118,193,0.91,0
2023-12-01,460,88,482,52,25,117,168,0.85,0
2023-12-02,435,78,450,53,24,115,155,0.83,0
2023-12-03,428,76,445,54,23,113,150,0.82,0
2023-12-04,465,90,490,51,25,120,180,0.88,0
2023-12-05,472,92,495,50,26,121,185,0.89,0
2023-12-06,480,95,500,49,27,118,189,0.90,0
2023-12-07,455,86,470,54,23,117,168,0.85,0
2023-12-08,432,78,452,55,22,115,154,0.83,0
2023-12-09,428,75,448,56,21,113,150,0.82,0
2023-12-10,468,91,490,53,23,120,181,0.88,0
2023-12-11,475,93,495,52,24,121,186,0.89,0
2023-12-12,482,96,500,51,25,118,190,0.90,0
2023-12-13,488,98,500,50,26,119,194,0.92,0
2023-12-14,460,85,470,55,22,116,167,0.84,0
2023-12-15,438,78,452,56,21,114,153,0.83,0
2023-12-16,430,76,448,57,20,113,150,0.82,0
2023-12-17,468,90,488,54,22,119,178,0.87,0
2023-12-18,475,93,495,53,23,121,183,0.89,0
2023-12-19,482,95,500,52,24,120,188,0.90,0
2023-12-20,488,97,500,51,25,118,193,0.92,0
2023-12-21,460,85,470,56,21,117,166,0.85,0
2023-12-22,438,78,452,57,20,114,153,0.83,0
2023-12-23,430,76,448,58,19,113,150,0.82,0
2023-12-24,470,90,490,55,21,119,178,0.87,0
2023-12-25,478,93,498,54,22,121,186,0.89,0
2023-12-26,485,95,500,53,23,120,189,0.90,0
2023-12-27,490,97,500,52,24,119,194,0.92,0
2023-12-28,462,86,472,57,20,117,167,0.85,0
2023-12-29,440,78,452,58,19,115,153,0.83,0
2023-12-30,432,77,448,59,18,113,150,0.82,0
2023-12-31,470,90,490,56,20,119,178,0.87,0
2024-01-01,480,93,498,55,21,121,185,0.89,0
2024-01-02,488,95,500,54,22,120,189,0.90,0
2024-01-03,495,97,500,53,23,118,194,0.92,0
2024-01-04,468,86,472,58,19,117,167,0.85,0
2024-01-05,440,78,452,59,18,114,153,0.83,0
2024-01-06,435,76,450,60,17,113,149,0.82,0
2024-01-07,472,90,490,57,19,120,178,0.88,0
2024-01-08,480,93,498,56,20,121,185,0.89,0
2024-01-09,488,95,500,55,21,120,190,0.90,0
2024-01-10,495,97,500,54,22,118,194,0.92,0
2024-01-11,468,85,470,59,18,117,166,0.85,0
2024-01-12,442,78,452,60,17,114,153,0.83,0
2024-01-13,435,75,448,61,16,112,149,0.82,0
2024-01-14,472,89,488,58,18,119,178,0.87,0
2024-01-15,480,92,495,57,19,121,185,0.89,0
2024-01-16,488,95,500,56,20,120,190,0.90,0
2024-01-17,495,97,500,55,21,118,194,0.92,0
2024-01-18,470,86,470,60,17,117,166,0.85,0
2024-01-19,442,78,452,61,16,114,152,0.83,0
2024-01-20,435,76,448,62,15,113,149,0.82,0
2024-01-21,472,89,488,59,17,119,178,0.87,0
2024-01-22,480,92,495,58,18,121,184,0.89,0
2024-01-23,488,94,500,57,19,120,189,0.90,0
2024-01-24,495,97,500,56,20,118,194,0.92,0
2024-01-25,470,86,472,61,16,117,167,0.85,0
2024-01-26,445,79,452,62,15,115,154,0.83,0
2024-01-27,438,76,448,63,14,113,149,0.82,0
2024-01-28,475,90,490,60,16,119,178,0.87,0
2024-01-29,482,92,498,59,17,121,185,0.89,0
2024-01-30,490,95,500,58,18,120,189,0.90,0
2024-01-31,495,97,500,57,19,118,194,0.92,0
2024-02-01,472,86,472,62,15,117,168,0.85,0
2024-02-02,448,78,452,63,14,115,154,0.83,0
2024-02-03,440,76,448,64,13,113,149,0.82,0
2024-02-04,475,89,488,61,15,119,177,0.87,0
2024-02-05,482,92,495,60,16,121,184,0.89,0
2024-02-06,488,94,498,59,17,120,189,0.90,0
2024-02-07,495,97,500,58,18,118,194,0.92,0
2024-02-08,470,85,470,63,14,117,166,0.85,0
2024-02-09,450,78,452,64,13,115,153,0.83,0
2024-02-10,440,76,448,65,12,113,149,0.82,0
2024-02-11,475,89,488,62,14,119,177,0.87,0
2024-02-12,482,92,495,61,15,121,184,0.89,0
2024-02-13,490,95,500,60,16,120,190,0.90,0
2024-02-14,495,97,500,59,17,118,194,0.92,0
2024-02-15,470,85,472,64,13,117,165,0.84,0
2024-02-16,448,78,452,65,12,115,153,0.83,0
2024-02-17,440,76,448,66,11,113,149,0.82,0
2024-02-18,472,89,488,63,13,119,176,0.86,0
2024-02-19,480,92,495,62,14,121,184,0.88,0
2024-02-20,488,94,498,61,15,120,188,0.90,0
2024-02-21,492,96,500,60,16,118,192,0.91,0
2024-02-22,468,84,470,65,12,116,165,0.84,0
2024-02-23,445,78,452,66,11,115,152,0.83,0
2024-02-24,438,76,448,67,10,113,147,0.81,0
2024-02-25,470,88,488,64,12,119,175,0.86,0
2024-02-26,478,92,495,63,13,121,183,0.88,0
2024-02-27,485,94,498,62,14,120,188,0.89,0
2024-02-28,490,95,500,61,15,118,192,0.91,0
2024-02-29,465,84,470,66,11,116,164,0.84,0

2024-03-01,440,78,450,65,12,115,153,0.82,0
2024-03-02,432,76,445,66,11,113,147,0.81,0
2024-03-03,460,85,472,64,13,117,170,0.85,0
2024-03-04,470,88,480,63,14,119,176,0.87,0
2024-03-05,480,90,490,62,15,120,182,0.88,0
2024-03-06,485,92,492,61,16,121,185,0.89,0
2024-03-07,450,80,455,63,13,116,161,0.84,0
2024-03-08,435,75,445,64,12,115,149,0.82,0
2024-03-09,430,72,442,65,11,114,147,0.81,0
2024-03-10,458,84,470,63,13,117,168,0.85,0
2024-03-11,468,86,478,62,14,118,173,0.86,0
2024-03-12,475,88,485,61,15,120,178,0.88,0
2024-03-13,480,90,490,60,16,121,181,0.89,0
2024-03-14,455,82,460,63,12,116,160,0.84,0
2024-03-15,438,75,445,64,11,114,149,0.82,0
2024-03-16,432,72,440,65,10,113,147,0.81,0
2024-03-17,458,84,470,62,12,117,167,0.85,0
2024-03-18,466,86,478,61,13,118,172,0.86,0
2024-03-19,472,88,485,60,14,120,178,0.88,0
2024-03-20,478,90,490,59,15,121,180,0.89,0
2024-03-21,452,82,460,62,12,116,160,0.84,0
2024-03-22,438,75,445,63,11,115,149,0.82,0
2024-03-23,430,72,440,64,10,113,146,0.81,0
2024-03-24,460,83,470,61,12,117,167,0.85,0
2024-03-25,468,85,478,60,13,118,171,0.86,0
2024-03-26,475,88,485,59,14,120,177,0.88,0
2024-03-27,480,90,490,58,15,121,180,0.89,0
2024-03-28,452,81,460,61,12,116,160,0.84,0
2024-03-29,438,74,445,62,11,115,149,0.82,0
2024-03-30,430,72,440,63,10,113,146,0.81,0
2024-03-31,460,83,470,60,12,117,167,0.85,0

2024-04-01,445,78,455,61,11,116,159,0.83,0
2024-04-02,430,72,440,62,10,115,148,0.82,0
2024-04-03,455,82,465,60,12,117,165,0.84,0
2024-04-04,462,84,470,59,13,118,168,0.85,0
2024-04-05,468,86,475,58,14,120,173,0.87,0
2024-04-06,472,88,480,57,15,121,175,0.88,0
2024-04-07,448,80,455,59,12,116,158,0.84,0
2024-04-08,432,75,445,60,11,115,148,0.82,0
2024-04-09,428,72,440,61,10,113,145,0.81,0
2024-04-10,455,82,465,59,12,117,165,0.84,0
2024-04-11,460,84,470,58,13,118,168,0.85,0
2024-04-12,468,86,475,57,14,120,172,0.87,0
2024-04-13,472,88,480,56,15,121,174,0.88,0
2024-04-14,445,80,455,58,12,116,158,0.84,0
2024-04-15,430,75,445,59,11,114,147,0.82,0
2024-04-16,425,72,440,60,10,113,145,0.81,0
2024-04-17,452,82,465,58,12,117,164,0.84,0
2024-04-18,460,85,472,57,13,118,168,0.85,0
2024-04-19,468,87,478,56,14,119,171,0.86,0
2024-04-20,470,88,480,55,15,120,174,0.88,0
2024-04-21,445,80,455,57,12,116,158,0.84,0
2024-04-22,432,75,445,58,11,114,147,0.82,0
2024-04-23,425,72,440,59,10,113,145,0.81,0
2024-04-24,452,82,465,58,12,117,164,0.84,0
2024-04-25,460,85,472,57,13,118,168,0.85,0
2024-04-26,468,87,478,56,14,119,171,0.86,0
2024-04-27,470,88,480,55,15,120,174,0.88,0
2024-04-28,445,80,455,57,12,116,158,0.84,0
2024-04-29,432,75,445,58,11,114,147,0.82,0
2024-04-30,425,72,440,59,10,113,145,0.81,0

2024-05-01,455,84,470,60,12,118,165,0.85,0
2024-05-02,462,86,478,59,13,119,169,0.86,0
2024-05-03,470,88,482,58,14,120,174,0.88,0
2024-05-04,478,90,488,57,15,121,178,0.89,0
2024-05-05,450,82,460,59,12,117,160,0.84,0
2024-05-06,438,78,452,60,11,115,150,0.83,0
2024-05-07,432,75,448,61,10,114,147,0.82,0
2024-05-08,460,85,470,59,12,118,165,0.85,0
2024-05-09,468,88,480,58,13,119,170,0.86,0
2024-05-10,475,90,490,57,14,121,173,0.88,0
2024-05-11,482,92,495,56,15,122,178,0.90,0
2024-05-12,455,84,465,58,12,118,160,0.84,0
2024-05-13,438,78,450,59,11,116,150,0.82,0
2024-05-14,430,75,445,60,10,114,147,0.81,0
2024-05-15,462,86,472,58,12,118,165,0.85,0
2024-05-16,470,88,480,57,13,119,170,0.86,0
2024-05-17,478,90,488,56,14,121,174,0.88,0
2024-05-18,485,92,492,55,15,122,178,0.89,0
2024-05-19,458,84,460,57,12,118,160,0.84,0
2024-05-20,442,78,452,58,11,116,151,0.83,0
2024-05-21,435,75,445,59,10,114,148,0.82,0
2024-05-22,465,86,472,57,12,118,165,0.85,0
2024-05-23,472,88,480,56,13,119,170,0.86,0
2024-05-24,480,90,488,55,14,121,173,0.88,0
2024-05-25,488,92,495,54,15,122,177,0.89,0
2024-05-26,452,82,460,56,12,118,160,0.84,0
2024-05-27,438,78,450,57,11,116,151,0.83,0
2024-05-28,432,75,445,58,10,114,147,0.82,0
2024-05-29,462,86,470,56,12,118,165,0.85,0
2024-05-30,470,88,480,55,13,119,169,0.86,0
2024-05-31,478,90,490,54,14,121,174,0.88,0

2024-06-01,490,94,495,58,15,124,185,0.92,0
2024-06-02,488,92,492,59,14,121,181,0.90,0
2024-06-03,485,90,490,60,13,120,176,0.89,0
2024-06-04,482,88,488,61,12,118,173,0.87,0
2024-06-05,460,80,470,62,11,117,165,0.85,0
2024-06-06,450,78,460,63,11,116,160,0.84,0
2024-06-07,445,76,458,64,10,115,156,0.83,0
2024-06-08,472,88,480,62,12,119,172,0.87,0
2024-06-09,480,90,488,61,13,120,176,0.88,0
2024-06-10,485,92,490,60,14,121,179,0.90,0
2024-06-11,492,94,498,59,15,123,184,0.92,0
2024-06-12,465,86,470,60,12,118,165,0.86,0
2024-06-13,452,80,460,61,11,116,160,0.84,0
2024-06-14,448,78,455,62,10,115,156,0.83,0
2024-06-15,475,90,485,60,12,119,170,0.87,0
2024-06-16,482,92,490,59,13,120,174,0.88,0
2024-06-17,488,94,495,58,14,121,178,0.90,0
2024-06-18,495,95,500,57,15,122,183,0.92,0
2024-06-19,468,86,470,59,12,118,165,0.86,0
2024-06-20,455,80,460,60,11,116,160,0.84,0
2024-06-21,448,78,452,61,10,115,156,0.83,0
2024-06-22,475,90,485,59,12,119,170,0.87,0
2024-06-23,482,92,490,58,13,120,173,0.88,0
2024-06-24,488,94,498,57,14,121,178,0.90,0
2024-06-25,495,95,500,56,15,122,182,0.92,0
2024-06-26,470,86,470,58,12,118,165,0.86,0
2024-06-27,455,80,460,59,11,116,160,0.84,0
2024-06-28,448,78,455,60,10,115,155,0.83,0
2024-06-29,475,90,485,58,12,119,170,0.87,0
2024-06-30,482,92,492,57,13,120,172,0.88,0

2024-07-01,488,94,498,56,14,121,177,0.90,0
2024-07-02,495,95,500,55,15,122,182,0.92,0
2024-07-03,492,94,495,56,14,121,178,0.90,0
2024-07-04,485,92,490,57,13,120,174,0.89,0
2024-07-05,478,90,485,58,12,119,170,0.87,0
2024-07-06,470,88,480,59,11,118,166,0.86,0
2024-07-07,445,80,460,60,10,116,155,0.82,0
2024-07-08,432,75,448,61,10,115,148,0.81,0
2024-07-09,428,73,444,62,9,114,145,0.80,0
2024-07-10,455,85,468,61,11,118,165,0.86,0
2024-07-11,462,88,475,60,12,119,170,0.87,0
2024-07-12,470,90,482,59,12,120,174,0.88,0
2024-07-13,478,92,488,58,14,121,178,0.89,0
2024-07-14,452,82,460,59,11,118,158,0.84,0
2024-07-15,438,78,452,60,10,116,150,0.83,0
2024-07-16,432,75,448,61,10,115,148,0.82,0
2024-07-17,462,88,475,59,12,118,165,0.86,0
2024-07-18,470,90,482,58,13,119,170,0.87,0
2024-07-19,478,92,490,57,13,120,174,0.88,0
2024-07-20,485,93,495,56,14,121,179,0.89,0
2024-07-21,458,85,465,58,11,118,160,0.85,0
2024-07-22,445,80,458,59,10,116,152,0.83,0
2024-07-23,438,78,452,60,9,115,149,0.82,0
2024-07-24,468,90,480,58,11,118,167,0.86,0
2024-07-25,475,92,488,57,12,120,172,0.88,0
2024-07-26,482,94,495,56,13,121,176,0.89,0
2024-07-27,488,95,500,55,14,122,180,0.90,0
2024-07-28,460,85,465,57,11,118,160,0.84,0
2024-07-29,448,80,455,58,10,116,153,0.83,0
2024-07-30,442,78,450,59,9,115,150,0.82,0
2024-07-31,470,90,480,57,12,119,168,0.86,0

2024-08-01,478,92,488,56,13,120,172,0.87,0
2024-08-02,485,94,495,55,14,121,177,0.89,0
2024-08-03,492,95,500,54,15,122,182,0.90,0
2024-08-04,465,86,470,56,12,118,165,0.86,0
2024-08-05,455,82,460,57,11,116,160,0.84,0
2024-08-06,450,80,455,58,10,115,156,0.83,0
2024-08-07,475,90,485,56,12,119,167,0.87,0
2024-08-08,482,92,492,55,13,120,172,0.88,0
2024-08-09,488,94,498,54,14,121,177,0.89,0
2024-08-10,495,95,500,53,15,122,182,0.90,0
2024-08-11,460,85,465,55,12,118,160,0.84,0
2024-08-12,445,80,455,56,11,116,154,0.83,0
2024-08-13,438,78,448,57,10,115,150,0.82,0
2024-08-14,468,90,480,55,12,119,167,0.87,0
2024-08-15,475,92,488,54,13,120,172,0.88,0
2024-08-16,482,94,495,53,14,121,176,0.89,0
2024-08-17,488,95,500,52,15,122,181,0.90,0
2024-08-18,458,85,465,54,12,118,160,0.84,0
2024-08-19,448,80,456,55,11,116,154,0.83,0
2024-08-20,442,78,450,56,10,115,150,0.82,0
2024-08-21,470,90,480,54,12,119,168,0.86,0
2024-08-22,478,92,488,53,13,120,173,0.88,0
2024-08-23,485,94,495,52,14,121,176,0.89,0
2024-08-24,492,95,500,51,15,122,181,0.90,0
2024-08-25,460,85,465,53,12,118,160,0.84,0
2024-08-26,452,82,458,54,11,116,155,0.83,0
2024-08-27,445,80,455,55,10,115,152,0.82,0
2024-08-28,472,90,480,53,12,119,168,0.86,0
2024-08-29,478,92,488,52,13,120,172,0.87,0
2024-08-30,485,94,495,51,14,121,175,0.88,0
2024-08-31,490,95,498,50,15,122,180,0.89,0

2024-09-01,462,85,465,52,12,118,160,0.83,0
2024-09-02,450,80,458,53,11,116,155,0.82,0
2024-09-03,445,78,455,54,10,115,152,0.81,0
2024-09-04,468,90,475,52,12,119,168,0.86,0
2024-09-05,475,92,485,51,13,120,172,0.87,0
2024-09-06,482,94,490,50,14,121,175,0.88,0
2024-09-07,488,95,498,49,15,122,180,0.89,0
2024-09-08,458,85,460,51,12,118,160,0.83,0
2024-09-09,448,80,455,52,11,116,154,0.82,0
2024-09-10,442,78,450,53,10,115,151,0.81,0

2025-03-01,420,70,430,34,22,110,132,0.78,0
2025-03-02,415,68,425,35,23,109,129,0.77,0
2025-03-03,432,75,445,36,24,112,142,0.80,0
2025-03-04,438,78,452,37,25,113,148,0.81,0
2025-03-05,445,80,458,38,26,114,153,0.82,0
2025-03-06,452,82,465,39,27,116,158,0.84,0
2025-03-07,460,85,472,40,27,118,165,0.85,0
2025-03-08,468,88,480,39,26,119,170,0.86,0
2025-03-09,470,89,485,38,25,118,172,0.86,0
2025-03-10,475,90,488,37,24,117,175,0.87,0
2025-03-11,482,92,492,36,23,116,178,0.88,0
2025-03-12,488,93,495,35,23,115,180,0.89,0
2025-03-13,492,94,498,34,22,114,182,0.90,0
2025-03-14,495,95,500,33,21,113,183,0.91,0
2025-03-15,470,88,472,34,22,114,165,0.86,0
2025-03-16,455,82,460,35,23,113,155,0.84,0
2025-03-17,448,80,455,36,24,112,150,0.83,0
2025-03-18,470,88,478,35,23,115,165,0.86,0
2025-03-19,478,90,486,34,23,116,170,0.87,0
2025-03-20,485,92,492,33,22,117,174,0.89,0
2025-03-21,490,93,498,32,21,118,178,0.90,0
2025-03-22,462,85,468,33,22,114,160,0.84,0
2025-03-23,450,80,458,34,23,113,155,0.83,0
2025-03-24,445,78,455,35,24,112,150,0.82,0
2025-03-25,475,90,485,33,23,115,168,0.86,0
2025-03-26,482,92,492,32,22,117,172,0.87,0
2025-03-27,488,94,498,31,21,118,175,0.88,0
2025-03-28,492,95,500,30,20,119,178,0.89,0
2025-03-29,460,85,468,31,21,116,160,0.84,0
2025-03-30,452,82,460,32,23,115,155,0.83,0
2025-03-31,445,80,455,33,23,114,150,0.82,0

2025-04-01,472,88,480,40,28,118,170,0.86,0
2025-04-02,480,90,488,41,29,119,175,0.87,0
2025-04-03,488,92,495,42,30,120,179,0.89,0
2025-04-04,492,93,498,43,30,121,183,0.89,0
2025-04-05,498,95,500,44,31,122,185,0.90,0
2025-04-06,470,86,472,43,30,118,160,0.84,0
2025-04-07,460,82,460,42,30,117,155,0.83,0
2025-04-08,452,80,455,41,29,116,150,0.82,0
2025-04-09,480,90,485,42,29,118,170,0.86,0
2025-04-10,488,92,492,41,29,119,174,0.87,0
2025-04-11,495,94,498,40,28,120,178,0.88,0
2025-04-12,500,95,500,39,27,121,182,0.89,0
2025-04-13,472,86,468,40,28,118,160,0.84,0
2025-04-14,460,82,460,41,29,116,155,0.83,0
2025-04-15,455,80,455,42,29,115,152,0.82,0
2025-04-16,485,92,485,40,28,119,168,0.87,0
2025-04-17,492,94,492,39,28,120,172,0.88,0
2025-04-18,498,95,498,38,27,121,176,0.89,0
2025-04-19,500,95,500,37,27,122,178,0.90,0
2025-04-20,468,85,465,38,27,118,160,0.84,0
2025-04-21,460,82,458,39,28,117,155,0.83,0
2025-04-22,452,80,452,40,28,116,150,0.82,0
2025-04-23,480,90,480,39,27,119,165,0.86,0
2025-04-24,488,92,488,38,27,120,170,0.87,0
2025-04-25,495,94,495,37,26,121,175,0.88,0
2025-04-26,500,95,500,36,25,122,180,0.90,0
2025-04-27,470,85,465,37,26,118,160,0.84,0
2025-04-28,460,82,458,38,27,117,153,0.82,0
2025-04-29,455,80,455,39,27,116,150,0.81,0
2025-04-30,482,92,485,38,26,119,165,0.86,0

2025-05-01,490,94,492,45,32,121,175,0.88,0
2025-05-02,495,95,497,46,33,123,180,0.89,0
2025-05-03,500,96,500,47,33,124,185,0.90,0
2025-05-04,472,88,470,46,32,120,165,0.84,0
2025-05-05,462,85,460,45,32,118,160,0.83,0
2025-05-06,458,83,455,44,31,117,158,0.82,0
2025-05-07,488,92,485,46,32,121,170,0.87,0
2025-05-08,495,94,492,45,33,122,175,0.88,0
2025-05-09,498,95,498,44,32,123,178,0.89,0
2025-05-10,500,97,500,43,32,124,182,0.90,0
2025-05-11,470,86,468,45,32,120,160,0.84,0
2025-05-12,460,82,458,46,31,118,155,0.83,0
2025-05-13,455,80,455,47,31,117,150,0.82,0
2025-05-14,485,90,480,45,32,120,165,0.86,0
2025-05-15,490,92,488,44,32,121,170,0.87,0
2025-05-16,495,94,495,43,31,122,175,0.88,0
2025-05-17,500,96,500,42,31,123,180,0.90,0
2025-05-18,470,86,470,44,31,120,160,0.84,0
2025-05-19,458,82,460,45,31,118,155,0.83,0
2025-05-20,452,80,455,46,31,117,152,0.82,0
2025-05-21,485,90,482,44,31,119,165,0.86,0
2025-05-22,492,92,488,43,30,120,170,0.87,0
2025-05-23,498,94,495,42,30,121,175,0.88,0
2025-05-24,500,96,500,41,29,122,178,0.89,0
2025-05-25,468,85,468,43,30,118,160,0.84,0
2025-05-26,460,82,460,44,30,117,155,0.83,0
2025-05-27,455,80,455,45,29,116,152,0.82,0
2025-05-28,482,90,480,43,30,119,165,0.86,0
2025-05-29,490,92,488,42,30,120,170,0.87,0
2025-05-30,495,94,495,41,29,121,175,0.88,0
2025-05-31,498,95,500,40,28,122,177,0.89,0

2025-06-01,470,85,468,44,31,120,165,0.84,0
2025-06-02,460,82,458,45,32,118,155,0.83,0
2025-06-03,452,80,455,46,32,117,152,0.82,0
2025-06-04,480,90,480,44,32,119,165,0.86,0
2025-06-05,488,92,488,43,32,121,170,0.87,0
2025-06-06,495,94,495,42,31,122,175,0.88,0
2025-06-07,500,96,500,41,30,124,180,0.90,0
2025-06-08,472,88,470,43,31,120,165,0.84,0
